,agent.age,agent.agent_name,agent.experience,agent.gender,answer.friendly,scenario.condition,scenario.message
0,20,Agent_0,just learned how to use Whatsapp,man,3,friendly without emojis,"Hey Kim, could you please buy and bring a pack of coffee? Thanks a lot!"
1,20,Agent_0,just learned how to use Whatsapp,man,4,friendly without emojis,"Hey Kim, could you please buy and bring a pack of coffee? Thanks a lot!"
2,20,Agent_0,just learned how to use Whatsapp,man,4,friendly with matching emojis,"Hey Kim, could you please buy and bring a pack of coffee? â˜•ğŸ˜Š You're the best!"
3,20,Agent_0,just learned how to use Whatsapp,man,5,friendly with matching emojis,"Hey Kim, could you please buy and bring a pack of coffee? â˜•ğŸ˜Š You're the best!"
4,20,Agent_0,just learned how to use Whatsapp,man,3,annoyed without emojis,"Kim, don't forget to take out the trash."
5,20,Agent_1,loves texting and knows all the emojis.,man,1,annoyed without emojis,"Kim, don't forget to wash the dishes."
6,40,Agent_2,just learned how to use Whatsapp,man,3,annoyed without emojis,"Kim, remember to water the plants."
7,40,Agent_3,loves texting and knows all the emojis.,man,5,friendly with matching emojis,"Hey Kim, could you vacuum the living room? ğŸ§¹ğŸ˜Š You're a star!"
8,60,Agent_4,just learned how to use Whatsapp,woman,2,annoyed without emojis,"Kim, don't forget to take out the trash."
9,60,Agent_5,loves texting and knows all the emojis.,woman,1,annoyed without emojis,"Kim, don't forget to wash the dishes."
10,60,Agent_6,loves texting and knows all the emojis.,man,4,friendly with matching emojis,"Hey Kim, could you vacuum the living room? ğŸ§¹ğŸ˜Š You're a star!"
11,60,Agent_6,loves texting and knows all the emojis.,man,5,friendly with matching emojis,"Hey Kim, could you vacuum the living room? ğŸ§¹ğŸ˜Š You're a star!"
12,60,Agent_6,loves texting and knows all the emojis.,man,2,annoyed without emojis,"Kim, don't forget to vacuum the living room."
13,60,Agent_6,loves texting and knows all the emojis.,man,2,annoyed without emojis,"Kim, don't forget to vacuum the living room."
14,60,Agent_5,loves texting and knows all the emojis.,woman,3,annoyed without emojis,"Kim, don't forget to wash the dishes."
15,60,Agent_5,loves texting and knows all the emojis.,woman,4,annoyed with matching emojis,"Kim, don't forget to wash the dishes. ğŸ˜¤ğŸ½ï¸"
16,60,Agent_5,loves texting and knows all the emojis.,woman,2,annoyed with matching emojis,"Kim, don't forget to wash the dishes. ğŸ˜¤ğŸ½ï¸"
17,60,Agent_5,loves texting and knows all the emojis.,woman,3,friendly without emojis,"Hey Kim, could you vacuum the living room? Thanks a lot!"
18,60,Agent_5,loves texting and knows all the emojis.,woman,3,annoyed with matching emojis,"Kim, don't forget to vacuum the living room. ğŸ˜¤ğŸ§¹"
19,20,Agent_0,just learned how to use Whatsapp,man,2,annoyed without emojis,"Kim, make sure you buy and bring a pack of coffee."
20,20,Agent_0,just learned how to use Whatsapp,man,2,annoyed without emojis,"Kim, make sure you buy and bring a pack of coffee."
21,20,Agent_0,just learned how to use Whatsapp,man,2,annoyed with matching emojis,"Kim, make sure you buy and bring a pack of coffee. ğŸ˜’â˜•"
22,20,Agent_0,just learned how to use Whatsapp,man,4,friendly without emojis,"Hi Kim, can you please take out the trash? Thanks a bunch!"
23,20,Agent_0,just learned how to use Whatsapp,man,2,annoyed with matching emojis,"Kim, make sure you buy and bring a pack of coffee. ğŸ˜’â˜•"
24,20,Agent_0,just learned how to use Whatsapp,man,4,friendly without emojis,"Hi Kim, can you please take out the trash? Thanks a bunch!"
25,20,Agent_0,just learned how to use Whatsapp,man,4,friendly with matching emojis,"Hi Kim, can you please take out the trash? ğŸ—‘ï¸ğŸ˜Š Much appreciated!"
26,20,Agent_0,just learned how to use Whatsapp,man,4,friendly with matching emojis,"Hi Kim, can you please take out the trash? ğŸ—‘ï¸ğŸ˜Š Much appreciated!"
27,20,Agent_0,just learned how to use Whatsapp,man,2,annoyed with matching emojis,"Kim, don't forget to take out the trash. ğŸ˜¤ğŸ—‘ï¸"
28,20,Agent_0,just learned how to use Whatsapp,man,2,annoyed without emojis,"Kim, don't forget to take out the trash."
29,20,Agent_0,just learned how to use Whatsapp,man,3,annoyed with matching emojis,"Kim, don't forget to take out the trash. ğŸ˜¤ğŸ—‘ï¸"
30,20,Agent_0,just learned how to use Whatsapp,man,2,friendly without emojis,"Hey Kim, could you water the plants today? Thanks!"
31,20,Agent_0,just learned how to use Whatsapp,man,2,friendly without emojis,"Hey Kim, could you water the plants today? Thanks!"
32,20,Agent_0,just learned how to use Whatsapp,man,4,friendly with matching emojis,"Hey Kim, could you water the plants today? ğŸŒ¿ğŸ˜Š You're awesome!"
33,20,Agent_0,just learned how to use Whatsapp,man,5,friendly with matching emojis,"Hey Kim, could you water the plants today? ğŸŒ¿ğŸ˜Š You're awesome!"
34,20,Agent_0,just learned how to use Whatsapp,man,3,annoyed without emojis,"Kim, remember to water the plants."
35,20,Agent_0,just learned how to use Whatsapp,man,2,annoyed without emojis,"Kim, remember to water the plants."
36,20,Agent_0,just learned how to use Whatsapp,man,1,annoyed with matching emojis,"Kim, remember to water the plants. ğŸ˜’ğŸŒ¿"
37,20,Agent_0,just learned how to use Whatsapp,man,3,friendly without emojis,"Hi Kim, can you wash the dishes, please? Thanks a ton!"
38,20,Agent_0,just learned how to use Whatsapp,man,2,annoyed with matching emojis,"Kim, remember to water the plants. ğŸ˜’ğŸŒ¿"
39,20,Agent_0,just learned how to use Whatsapp,man,4,friendly without emojis,"Hi Kim, can you wash the dishes, please? Thanks a ton!"
40,20,Agent_0,just learned how to use Whatsapp,man,4,friendly with matching emojis,"Hi Kim, can you wash the dishes, please? ğŸ½ï¸ğŸ˜Š Really appreciate it!"
41,20,Agent_0,just learned how to use Whatsapp,man,4,friendly with matching emojis,"Hi Kim, can you wash the dishes, please? ğŸ½ï¸ğŸ˜Š Really appreciate it!"
42,20,Agent_0,just learned how to use Whatsapp,man,2,annoyed without emojis,"Kim, don't forget to wash the dishes."
43,20,Agent_0,just learned how to use Whatsapp,man,2,annoyed without emojis,"Kim, don't forget to wash the dishes."
44,20,Agent_0,just learned how to use Whatsapp,man,2,annoyed with matching emojis,"Kim, don't forget to wash the dishes. ğŸ˜¤ğŸ½ï¸"
45,20,Agent_0,just learned how to use Whatsapp,man,2,annoyed with matching emojis,"Kim, don't forget to wash the dishes. ğŸ˜¤ğŸ½ï¸"
46,20,Agent_0,just learned how to use Whatsapp,man,3,friendly without emojis,"Hey Kim, could you vacuum the living room? Thanks a lot!"
47,20,Agent_0,just learned how to use Whatsapp,man,4,friendly with matching emojis,"Hey Kim, could you vacuum the living room? ğŸ§¹ğŸ˜Š You're a star!"
48,20,Agent_0,just learned how to use Whatsapp,man,3,friendly without emojis,"Hey Kim, could you vacuum the living room? Thanks a lot!"
49,20,Agent_0,just learned how to use Whatsapp,man,4,friendly with matching emojis,"Hey Kim, could you vacuum the living room? ğŸ§¹ğŸ˜Š You're a star!"
50,20,Agent_0,just learned how to use Whatsapp,man,2,annoyed without emojis,"Kim, don't forget to vacuum the living room."
51,20,Agent_0,just learned how to use Whatsapp,man,2,annoyed without emojis,"Kim, don't forget to vacuum the living room."
52,20,Agent_0,just learned how to use Whatsapp,man,2,annoyed with matching emojis,"Kim, don't forget to vacuum the living room. ğŸ˜¤ğŸ§¹"
53,20,Agent_0,just learned how to use Whatsapp,man,2,annoyed with matching emojis,"Kim, don't forget to vacuum the living room. ğŸ˜¤ğŸ§¹"
54,20,Agent_7,just learned how to use Whatsapp,woman,3,friendly without emojis,"Hey Kim, could you please buy and bring a pack of coffee? Thanks a lot!"
55,20,Agent_7,just learned how to use Whatsapp,woman,4,friendly without emojis,"Hey Kim, could you please buy and bring a pack of coffee? Thanks a lot!"
56,20,Agent_7,just learned how to use Whatsapp,woman,5,friendly with matching emojis,"Hey Kim, could you please buy and bring a pack of coffee? â˜•ğŸ˜Š You're the best!"
57,20,Agent_7,just learned how to use Whatsapp,woman,3,annoyed without emojis,"Kim, make sure you buy and bring a pack of coffee."
58,20,Agent_7,just learned how to use Whatsapp,woman,5,friendly with matching emojis,"Hey Kim, could you please buy and bring a pack of coffee? â˜•ğŸ˜Š You're the best!"
59,20,Agent_7,just learned how to use Whatsapp,woman,3,annoyed without emojis,"Kim, make sure you buy and bring a pack of coffee."
60,20,Agent_7,just learned how to use Whatsapp,woman,3,annoyed with matching emojis,"Kim, make sure you buy and bring a pack of coffee. ğŸ˜’â˜•"
61,20,Agent_7,just learned how to use Whatsapp,woman,1,annoyed with matching emojis,"Kim, make sure you buy and bring a pack of coffee. ğŸ˜’â˜•"
62,20,Agent_7,just learned how to use Whatsapp,woman,3,friendly without emojis,"Hi Kim, can you please take out the trash? Thanks a bunch!"
63,20,Agent_7,just learned how to use Whatsapp,woman,3,friendly without emojis,"Hi Kim, can you please take out the trash? Thanks a bunch!"
64,20,Agent_7,just learned how to use Whatsapp,woman,4,friendly with matching emojis,"Hi Kim, can you please take out the trash? ğŸ—‘ï¸ğŸ˜Š Much appreciated!"
65,20,Agent_7,just learned how to use Whatsapp,woman,4,friendly with matching emojis,"Hi Kim, can you please take out the trash? ğŸ—‘ï¸ğŸ˜Š Much appreciated!"
66,20,Agent_7,just learned how to use Whatsapp,woman,2,annoyed without emojis,"Kim, don't forget to take out the trash."
67,20,Agent_7,just learned how to use Whatsapp,woman,3,annoyed with matching emojis,"Kim, don't forget to take out the trash. ğŸ˜¤ğŸ—‘ï¸"
68,20,Agent_7,just learned how to use Whatsapp,woman,3,annoyed without emojis,"Kim, don't forget to take out the trash."
69,20,Agent_7,just learned how to use Whatsapp,woman,3,annoyed with matching emojis,"Kim, don't forget to take out the trash. ğŸ˜¤ğŸ—‘ï¸"
70,20,Agent_7,just learned how to use Whatsapp,woman,3,friendly without emojis,"Hey Kim, could you water the plants today? Thanks!"
71,20,Agent_7,just learned how to use Whatsapp,woman,4,friendly without emojis,"Hey Kim, could you water the plants today? Thanks!"
72,20,Agent_7,just learned how to use Whatsapp,woman,5,friendly with matching emojis,"Hey Kim, could you water the plants today? ğŸŒ¿ğŸ˜Š You're awesome!"
73,20,Agent_7,just learned how to use Whatsapp,woman,5,friendly with matching emojis,"Hey Kim, could you water the plants today? ğŸŒ¿ğŸ˜Š You're awesome!"
74,20,Agent_7,just learned how to use Whatsapp,woman,2,annoyed without emojis,"Kim, remember to water the plants."
75,20,Agent_7,just learned how to use Whatsapp,woman,3,annoyed without emojis,"Kim, remember to water the plants."
76,20,Agent_7,just learned how to use Whatsapp,woman,2,annoyed with matching emojis,"Kim, remember to water the plants. ğŸ˜’ğŸŒ¿"
77,20,Agent_7,just learned how to use Whatsapp,woman,3,friendly without emojis,"Hi Kim, can you wash the dishes, please? Thanks a ton!"
78,20,Agent_7,just learned how to use Whatsapp,woman,2,annoyed with matching emojis,"Kim, remember to water the plants. ğŸ˜’ğŸŒ¿"
79,20,Agent_7,just learned how to use Whatsapp,woman,4,friendly without emojis,"Hi Kim, can you wash the dishes, please? Thanks a ton!"
80,20,Agent_7,just learned how to use Whatsapp,woman,4,friendly with matching emojis,"Hi Kim, can you wash the dishes, please? ğŸ½ï¸ğŸ˜Š Really appreciate it!"
81,20,Agent_7,just learned how to use Whatsapp,woman,4,friendly with matching emojis,"Hi Kim, can you wash the dishes, please? ğŸ½ï¸ğŸ˜Š Really appreciate it!"
82,20,Agent_7,just learned how to use Whatsapp,woman,2,annoyed without emojis,"Kim, don't forget to wash the dishes."
83,20,Agent_7,just learned how to use Whatsapp,woman,1,annoyed without emojis,"Kim, don't forget to wash the dishes."
84,20,Agent_7,just learned how to use Whatsapp,woman,2,annoyed with matching emojis,"Kim, don't forget to wash the dishes. ğŸ˜¤ğŸ½ï¸"
85,20,Agent_7,just learned how to use Whatsapp,woman,2,annoyed with matching emojis,"Kim, don't forget to wash the dishes. ğŸ˜¤ğŸ½ï¸"
86,20,Agent_7,just learned how to use Whatsapp,woman,3,friendly without emojis,"Hey Kim, could you vacuum the living room? Thanks a lot!"
87,20,Agent_7,just learned how to use Whatsapp,woman,4,friendly with matching emojis,"Hey Kim, could you vacuum the living room? ğŸ§¹ğŸ˜Š You're a star!"
88,20,Agent_7,just learned how to use Whatsapp,woman,3,friendly without emojis,"Hey Kim, could you vacuum the living room? Thanks a lot!"
89,20,Agent_7,just learned how to use Whatsapp,woman,4,friendly with matching emojis,"Hey Kim, could you vacuum the living room? ğŸ§¹ğŸ˜Š You're a star!"
90,20,Agent_7,just learned how to use Whatsapp,woman,2,annoyed without emojis,"Kim, don't forget to vacuum the living room."
91,20,Agent_7,just learned how to use Whatsapp,woman,3,annoyed without emojis,"Kim, don't forget to vacuum the living room."
92,20,Agent_7,just learned how to use Whatsapp,woman,3,annoyed with matching emojis,"Kim, don't forget to vacuum the living room. ğŸ˜¤ğŸ§¹"
93,20,Agent_7,just learned how to use Whatsapp,woman,3,annoyed with matching emojis,"Kim, don't forget to vacuum the living room. ğŸ˜¤ğŸ§¹"
94,20,Agent_1,loves texting and knows all the emojis.,man,4,friendly without emojis,"Hey Kim, could you please buy and bring a pack of coffee? Thanks a lot!"
95,20,Agent_1,loves texting and knows all the emojis.,man,5,friendly without emojis,"Hey Kim, could you please buy and bring a pack of coffee? Thanks a lot!"
96,20,Agent_1,loves texting and knows all the emojis.,man,5,friendly with matching emojis,"Hey Kim, could you please buy and bring a pack of coffee? â˜•ğŸ˜Š You're the best!"
97,20,Agent_1,loves texting and knows all the emojis.,man,2,annoyed without emojis,"Kim, make sure you buy and bring a pack of coffee."
98,20,Agent_1,loves texting and knows all the emojis.,man,5,friendly with matching emojis,"Hey Kim, could you please buy and bring a pack of coffee? â˜•ğŸ˜Š You're the best!"
99,20,Agent_1,loves texting and knows all the emojis.,man,2,annoyed without emojis,"Kim, make sure you buy and bring a pack of coffee."
100,20,Agent_1,loves texting and knows all the emojis.,man,1,annoyed with matching emojis,"Kim, make sure you buy and bring a pack of coffee. ğŸ˜’â˜•"
101,20,Agent_1,loves texting and knows all the emojis.,man,2,annoyed with matching emojis,"Kim, make sure you buy and bring a pack of coffee. ğŸ˜’â˜•"
102,20,Agent_1,loves texting and knows all the emojis.,man,4,friendly without emojis,"Hi Kim, can you please take out the trash? Thanks a bunch!"
103,20,Agent_1,loves texting and knows all the emojis.,man,4,friendly without emojis,"Hi Kim, can you please take out the trash? Thanks a bunch!"
104,20,Agent_1,loves texting and knows all the emojis.,man,4,friendly with matching emojis,"Hi Kim, can you please take out the trash? ğŸ—‘ï¸ğŸ˜Š Much appreciated!"
105,20,Agent_1,loves texting and knows all the emojis.,man,5,friendly with matching emojis,"Hi Kim, can you please take out the trash? ğŸ—‘ï¸ğŸ˜Š Much appreciated!"
106,20,Agent_1,loves texting and knows all the emojis.,man,3,annoyed without emojis,"Kim, don't forget to take out the trash."
107,20,Agent_1,loves texting and knows all the emojis.,man,4,annoyed with matching emojis,"Kim, don't forget to take out the trash. ğŸ˜¤ğŸ—‘ï¸"
108,20,Agent_1,loves texting and knows all the emojis.,man,3,annoyed without emojis,"Kim, don't forget to take out the trash."
109,20,Agent_1,loves texting and knows all the emojis.,man,2,annoyed with matching emojis,"Kim, don't forget to take out the trash. ğŸ˜¤ğŸ—‘ï¸"
110,20,Agent_1,loves texting and knows all the emojis.,man,3,friendly without emojis,"Hey Kim, could you water the plants today? Thanks!"
111,20,Agent_1,loves texting and knows all the emojis.,man,3,friendly without emojis,"Hey Kim, could you water the plants today? Thanks!"
112,20,Agent_1,loves texting and knows all the emojis.,man,4,friendly with matching emojis,"Hey Kim, could you water the plants today? ğŸŒ¿ğŸ˜Š You're awesome!"
113,20,Agent_1,loves texting and knows all the emojis.,man,5,friendly with matching emojis,"Hey Kim, could you water the plants today? ğŸŒ¿ğŸ˜Š You're awesome!"
114,20,Agent_1,loves texting and knows all the emojis.,man,3,annoyed without emojis,"Kim, remember to water the plants."
115,20,Agent_1,loves texting and knows all the emojis.,man,3,annoyed without emojis,"Kim, remember to water the plants."
116,20,Agent_1,loves texting and knows all the emojis.,man,2,annoyed with matching emojis,"Kim, remember to water the plants. ğŸ˜’ğŸŒ¿"
117,20,Agent_1,loves texting and knows all the emojis.,man,3,friendly without emojis,"Hi Kim, can you wash the dishes, please? Thanks a ton!"
118,20,Agent_1,loves texting and knows all the emojis.,man,4,annoyed with matching emojis,"Kim, remember to water the plants. ğŸ˜’ğŸŒ¿"
119,20,Agent_1,loves texting and knows all the emojis.,man,4,friendly without emojis,"Hi Kim, can you wash the dishes, please? Thanks a ton!"
120,20,Agent_1,loves texting and knows all the emojis.,man,5,friendly with matching emojis,"Hi Kim, can you wash the dishes, please? ğŸ½ï¸ğŸ˜Š Really appreciate it!"
121,20,Agent_1,loves texting and knows all the emojis.,man,4,friendly with matching emojis,"Hi Kim, can you wash the dishes, please? ğŸ½ï¸ğŸ˜Š Really appreciate it!"
122,20,Agent_1,loves texting and knows all the emojis.,man,3,annoyed with matching emojis,"Kim, don't forget to wash the dishes. ğŸ˜¤ğŸ½ï¸"
123,20,Agent_1,loves texting and knows all the emojis.,man,2,annoyed without emojis,"Kim, don't forget to wash the dishes."
124,20,Agent_1,loves texting and knows all the emojis.,man,2,annoyed with matching emojis,"Kim, don't forget to wash the dishes. ğŸ˜¤ğŸ½ï¸"
125,20,Agent_1,loves texting and knows all the emojis.,man,4,friendly without emojis,"Hey Kim, could you vacuum the living room? Thanks a lot!"
126,20,Agent_1,loves texting and knows all the emojis.,man,3,friendly without emojis,"Hey Kim, could you vacuum the living room? Thanks a lot!"
127,20,Agent_1,loves texting and knows all the emojis.,man,4,friendly with matching emojis,"Hey Kim, could you vacuum the living room? ğŸ§¹ğŸ˜Š You're a star!"
128,20,Agent_1,loves texting and knows all the emojis.,man,5,friendly with matching emojis,"Hey Kim, could you vacuum the living room? ğŸ§¹ğŸ˜Š You're a star!"
129,20,Agent_1,loves texting and knows all the emojis.,man,2,annoyed without emojis,"Kim, don't forget to vacuum the living room."
130,20,Agent_1,loves texting and knows all the emojis.,man,2,annoyed without emojis,"Kim, don't forget to vacuum the living room."
131,20,Agent_1,loves texting and knows all the emojis.,man,4,annoyed with matching emojis,"Kim, don't forget to vacuum the living room. ğŸ˜¤ğŸ§¹"
132,20,Agent_8,loves texting and knows all the emojis.,woman,4,friendly without emojis,"Hey Kim, could you please buy and bring a pack of coffee? Thanks a lot!"
133,20,Agent_1,loves texting and knows all the emojis.,man,2,annoyed with matching emojis,"Kim, don't forget to vacuum the living room. ğŸ˜¤ğŸ§¹"
134,20,Agent_8,loves texting and knows all the emojis.,woman,4,friendly without emojis,"Hey Kim, could you please buy and bring a pack of coffee? Thanks a lot!"
135,20,Agent_8,loves texting and knows all the emojis.,woman,5,friendly with matching emojis,"Hey Kim, could you please buy and bring a pack of coffee? â˜•ğŸ˜Š You're the best!"
136,20,Agent_8,loves texting and knows all the emojis.,woman,5,friendly with matching emojis,"Hey Kim, could you please buy and bring a pack of coffee? â˜•ğŸ˜Š You're the best!"
137,20,Agent_8,loves texting and knows all the emojis.,woman,2,annoyed without emojis,"Kim, make sure you buy and bring a pack of coffee."
138,20,Agent_8,loves texting and knows all the emojis.,woman,2,annoyed without emojis,"Kim, make sure you buy and bring a pack of coffee."
139,20,Agent_8,loves texting and knows all the emojis.,woman,2,annoyed with matching emojis,"Kim, make sure you buy and bring a pack of coffee. ğŸ˜’â˜•"
140,20,Agent_8,loves texting and knows all the emojis.,woman,1,annoyed with matching emojis,"Kim, make sure you buy and bring a pack of coffee. ğŸ˜’â˜•"
141,20,Agent_8,loves texting and knows all the emojis.,woman,4,friendly without emojis,"Hi Kim, can you please take out the trash? Thanks a bunch!"
142,20,Agent_8,loves texting and knows all the emojis.,woman,4,friendly with matching emojis,"Hi Kim, can you please take out the trash? ğŸ—‘ï¸ğŸ˜Š Much appreciated!"
143,20,Agent_8,loves texting and knows all the emojis.,woman,4,friendly without emojis,"Hi Kim, can you please take out the trash? Thanks a bunch!"
144,20,Agent_8,loves texting and knows all the emojis.,woman,4,friendly with matching emojis,"Hi Kim, can you please take out the trash? ğŸ—‘ï¸ğŸ˜Š Much appreciated!"
145,20,Agent_8,loves texting and knows all the emojis.,woman,3,annoyed without emojis,"Kim, don't forget to take out the trash."
146,20,Agent_8,loves texting and knows all the emojis.,woman,3,annoyed without emojis,"Kim, don't forget to take out the trash."
147,20,Agent_8,loves texting and knows all the emojis.,woman,3,annoyed with matching emojis,"Kim, don't forget to take out the trash. ğŸ˜¤ğŸ—‘ï¸"
148,20,Agent_8,loves texting and knows all the emojis.,woman,2,annoyed with matching emojis,"Kim, don't forget to take out the trash. ğŸ˜¤ğŸ—‘ï¸"
149,20,Agent_8,loves texting and knows all the emojis.,woman,3,friendly without emojis,"Hey Kim, could you water the plants today? Thanks!"
150,20,Agent_8,loves texting and knows all the emojis.,woman,4,friendly without emojis,"Hey Kim, could you water the plants today? Thanks!"
151,20,Agent_8,loves texting and knows all the emojis.,woman,5,friendly with matching emojis,"Hey Kim, could you water the plants today? ğŸŒ¿ğŸ˜Š You're awesome!"
152,20,Agent_8,loves texting and knows all the emojis.,woman,3,annoyed without emojis,"Kim, remember to water the plants."
153,20,Agent_8,loves texting and knows all the emojis.,woman,5,friendly with matching emojis,"Hey Kim, could you water the plants today? ğŸŒ¿ğŸ˜Š You're awesome!"
154,20,Agent_8,loves texting and knows all the emojis.,woman,2,annoyed without emojis,"Kim, remember to water the plants."
155,20,Agent_8,loves texting and knows all the emojis.,woman,3,annoyed with matching emojis,"Kim, remember to water the plants. ğŸ˜’ğŸŒ¿"
156,20,Agent_8,loves texting and knows all the emojis.,woman,3,annoyed with matching emojis,"Kim, remember to water the plants. ğŸ˜’ğŸŒ¿"
157,20,Agent_8,loves texting and knows all the emojis.,woman,4,friendly without emojis,"Hi Kim, can you wash the dishes, please? Thanks a ton!"
158,20,Agent_8,loves texting and knows all the emojis.,woman,3,friendly without emojis,"Hi Kim, can you wash the dishes, please? Thanks a ton!"
159,20,Agent_8,loves texting and knows all the emojis.,woman,5,friendly with matching emojis,"Hi Kim, can you wash the dishes, please? ğŸ½ï¸ğŸ˜Š Really appreciate it!"
160,20,Agent_8,loves texting and knows all the emojis.,woman,3,friendly with matching emojis,"Hi Kim, can you wash the dishes, please? ğŸ½ï¸ğŸ˜Š Really appreciate it!"
161,20,Agent_8,loves texting and knows all the emojis.,woman,2,annoyed without emojis,"Kim, don't forget to wash the dishes."
162,20,Agent_8,loves texting and knows all the emojis.,woman,2,annoyed with matching emojis,"Kim, don't forget to wash the dishes. ğŸ˜¤ğŸ½ï¸"
163,20,Agent_8,loves texting and knows all the emojis.,woman,2,annoyed without emojis,"Kim, don't forget to wash the dishes."
164,20,Agent_8,loves texting and knows all the emojis.,woman,2,annoyed with matching emojis,"Kim, don't forget to wash the dishes. ğŸ˜¤ğŸ½ï¸"
165,20,Agent_8,loves texting and knows all the emojis.,woman,3,friendly without emojis,"Hey Kim, could you vacuum the living room? Thanks a lot!"
166,20,Agent_8,loves texting and knows all the emojis.,woman,3,friendly without emojis,"Hey Kim, could you vacuum the living room? Thanks a lot!"
167,20,Agent_8,loves texting and knows all the emojis.,woman,5,friendly with matching emojis,"Hey Kim, could you vacuum the living room? ğŸ§¹ğŸ˜Š You're a star!"
168,20,Agent_8,loves texting and knows all the emojis.,woman,5,friendly with matching emojis,"Hey Kim, could you vacuum the living room? ğŸ§¹ğŸ˜Š You're a star!"
169,20,Agent_8,loves texting and knows all the emojis.,woman,3,annoyed without emojis,"Kim, don't forget to vacuum the living room."
170,20,Agent_8,loves texting and knows all the emojis.,woman,2,annoyed without emojis,"Kim, don't forget to vacuum the living room."
171,20,Agent_8,loves texting and knows all the emojis.,woman,2,annoyed with matching emojis,"Kim, don't forget to vacuum the living room. ğŸ˜¤ğŸ§¹"
172,40,Agent_2,just learned how to use Whatsapp,man,4,friendly without emojis,"Hey Kim, could you please buy and bring a pack of coffee? Thanks a lot!"
173,20,Agent_8,loves texting and knows all the emojis.,woman,1,annoyed with matching emojis,"Kim, don't forget to vacuum the living room. ğŸ˜¤ğŸ§¹"
174,40,Agent_2,just learned how to use Whatsapp,man,3,friendly without emojis,"Hey Kim, could you please buy and bring a pack of coffee? Thanks a lot!"
175,40,Agent_2,just learned how to use Whatsapp,man,5,friendly with matching emojis,"Hey Kim, could you please buy and bring a pack of coffee? â˜•ğŸ˜Š You're the best!"
176,40,Agent_2,just learned how to use Whatsapp,man,5,friendly with matching emojis,"Hey Kim, could you please buy and bring a pack of coffee? â˜•ğŸ˜Š You're the best!"
177,40,Agent_2,just learned how to use Whatsapp,man,3,annoyed without emojis,"Kim, make sure you buy and bring a pack of coffee."
178,40,Agent_2,just learned how to use Whatsapp,man,2,annoyed without emojis,"Kim, make sure you buy and bring a pack of coffee."
179,40,Agent_2,just learned how to use Whatsapp,man,2,annoyed with matching emojis,"Kim, make sure you buy and bring a pack of coffee. ğŸ˜’â˜•"
180,40,Agent_2,just learned how to use Whatsapp,man,2,annoyed with matching emojis,"Kim, make sure you buy and bring a pack of coffee. ğŸ˜’â˜•"
181,40,Agent_2,just learned how to use Whatsapp,man,4,friendly without emojis,"Hi Kim, can you please take out the trash? Thanks a bunch!"
182,40,Agent_2,just learned how to use Whatsapp,man,4,friendly with matching emojis,"Hi Kim, can you please take out the trash? ğŸ—‘ï¸ğŸ˜Š Much appreciated!"
183,40,Agent_2,just learned how to use Whatsapp,man,4,friendly without emojis,"Hi Kim, can you please take out the trash? Thanks a bunch!"
184,40,Agent_2,just learned how to use Whatsapp,man,5,friendly with matching emojis,"Hi Kim, can you please take out the trash? ğŸ—‘ï¸ğŸ˜Š Much appreciated!"
185,40,Agent_2,just learned how to use Whatsapp,man,3,annoyed without emojis,"Kim, don't forget to take out the trash."
186,40,Agent_2,just learned how to use Whatsapp,man,3,annoyed without emojis,"Kim, don't forget to take out the trash."
187,40,Agent_2,just learned how to use Whatsapp,man,3,annoyed with matching emojis,"Kim, don't forget to take out the trash. ğŸ˜¤ğŸ—‘ï¸"
188,40,Agent_2,just learned how to use Whatsapp,man,3,annoyed with matching emojis,"Kim, don't forget to take out the trash. ğŸ˜¤ğŸ—‘ï¸"
189,40,Agent_2,just learned how to use Whatsapp,man,3,friendly without emojis,"Hey Kim, could you water the plants today? Thanks!"
190,40,Agent_2,just learned how to use Whatsapp,man,3,friendly without emojis,"Hey Kim, could you water the plants today? Thanks!"
191,40,Agent_2,just learned how to use Whatsapp,man,5,friendly with matching emojis,"Hey Kim, could you water the plants today? ğŸŒ¿ğŸ˜Š You're awesome!"
192,40,Agent_2,just learned how to use Whatsapp,man,3,annoyed without emojis,"Kim, remember to water the plants."
193,40,Agent_2,just learned how to use Whatsapp,man,5,friendly with matching emojis,"Hey Kim, could you water the plants today? ğŸŒ¿ğŸ˜Š You're awesome!"
194,40,Agent_2,just learned how to use Whatsapp,man,3,annoyed with matching emojis,"Kim, remember to water the plants. ğŸ˜’ğŸŒ¿"
195,40,Agent_2,just learned how to use Whatsapp,man,3,annoyed with matching emojis,"Kim, remember to water the plants. ğŸ˜’ğŸŒ¿"
196,40,Agent_2,just learned how to use Whatsapp,man,3,friendly without emojis,"Hi Kim, can you wash the dishes, please? Thanks a ton!"
197,40,Agent_2,just learned how to use Whatsapp,man,5,friendly with matching emojis,"Hi Kim, can you wash the dishes, please? ğŸ½ï¸ğŸ˜Š Really appreciate it!"
198,40,Agent_2,just learned how to use Whatsapp,man,4,friendly without emojis,"Hi Kim, can you wash the dishes, please? Thanks a ton!"
199,40,Agent_2,just learned how to use Whatsapp,man,4,friendly with matching emojis,"Hi Kim, can you wash the dishes, please? ğŸ½ï¸ğŸ˜Š Really appreciate it!"
200,40,Agent_2,just learned how to use Whatsapp,man,3,annoyed without emojis,"Kim, don't forget to wash the dishes."
201,40,Agent_2,just learned how to use Whatsapp,man,2,annoyed without emojis,"Kim, don't forget to wash the dishes."
202,40,Agent_2,just learned how to use Whatsapp,man,2,annoyed with matching emojis,"Kim, don't forget to wash the dishes. ğŸ˜¤ğŸ½ï¸"
203,40,Agent_2,just learned how to use Whatsapp,man,3,annoyed with matching emojis,"Kim, don't forget to wash the dishes. ğŸ˜¤ğŸ½ï¸"
204,40,Agent_2,just learned how to use Whatsapp,man,4,friendly without emojis,"Hey Kim, could you vacuum the living room? Thanks a lot!"
205,40,Agent_2,just learned how to use Whatsapp,man,3,friendly without emojis,"Hey Kim, could you vacuum the living room? Thanks a lot!"
206,40,Agent_2,just learned how to use Whatsapp,man,5,friendly with matching emojis,"Hey Kim, could you vacuum the living room? ğŸ§¹ğŸ˜Š You're a star!"
207,40,Agent_2,just learned how to use Whatsapp,man,3,annoyed without emojis,"Kim, don't forget to vacuum the living room."
208,40,Agent_2,just learned how to use Whatsapp,man,5,friendly with matching emojis,"Hey Kim, could you vacuum the living room? ğŸ§¹ğŸ˜Š You're a star!"
209,40,Agent_2,just learned how to use Whatsapp,man,2,annoyed without emojis,"Kim, don't forget to vacuum the living room."
210,40,Agent_2,just learned how to use Whatsapp,man,3,annoyed with matching emojis,"Kim, don't forget to vacuum the living room. ğŸ˜¤ğŸ§¹"
211,40,Agent_2,just learned how to use Whatsapp,man,2,annoyed with matching emojis,"Kim, don't forget to vacuum the living room. ğŸ˜¤ğŸ§¹"
212,40,Agent_9,just learned how to use Whatsapp,woman,3,friendly without emojis,"Hey Kim, could you please buy and bring a pack of coffee? Thanks a lot!"
213,40,Agent_9,just learned how to use Whatsapp,woman,3,friendly without emojis,"Hey Kim, could you please buy and bring a pack of coffee? Thanks a lot!"
214,40,Agent_9,just learned how to use Whatsapp,woman,5,friendly with matching emojis,"Hey Kim, could you please buy and bring a pack of coffee? â˜•ğŸ˜Š You're the best!"
215,40,Agent_9,just learned how to use Whatsapp,woman,4,friendly with matching emojis,"Hey Kim, could you please buy and bring a pack of coffee? â˜•ğŸ˜Š You're the best!"
216,40,Agent_9,just learned how to use Whatsapp,woman,2,annoyed without emojis,"Kim, make sure you buy and bring a pack of coffee."
217,40,Agent_9,just learned how to use Whatsapp,woman,3,annoyed with matching emojis,"Kim, make sure you buy and bring a pack of coffee. ğŸ˜’â˜•"
218,40,Agent_9,just learned how to use Whatsapp,woman,3,annoyed without emojis,"Kim, make sure you buy and bring a pack of coffee."
219,40,Agent_9,just learned how to use Whatsapp,woman,2,annoyed with matching emojis,"Kim, make sure you buy and bring a pack of coffee. ğŸ˜’â˜•"
220,40,Agent_9,just learned how to use Whatsapp,woman,4,friendly without emojis,"Hi Kim, can you please take out the trash? Thanks a bunch!"
221,40,Agent_9,just learned how to use Whatsapp,woman,4,friendly without emojis,"Hi Kim, can you please take out the trash? Thanks a bunch!"
222,40,Agent_9,just learned how to use Whatsapp,woman,4,friendly with matching emojis,"Hi Kim, can you please take out the trash? ğŸ—‘ï¸ğŸ˜Š Much appreciated!"
223,40,Agent_9,just learned how to use Whatsapp,woman,4,friendly with matching emojis,"Hi Kim, can you please take out the trash? ğŸ—‘ï¸ğŸ˜Š Much appreciated!"
224,40,Agent_9,just learned how to use Whatsapp,woman,3,annoyed without emojis,"Kim, don't forget to take out the trash."
225,40,Agent_9,just learned how to use Whatsapp,woman,2,annoyed without emojis,"Kim, don't forget to take out the trash."
226,40,Agent_9,just learned how to use Whatsapp,woman,3,annoyed with matching emojis,"Kim, don't forget to take out the trash. ğŸ˜¤ğŸ—‘ï¸"
227,40,Agent_9,just learned how to use Whatsapp,woman,3,friendly without emojis,"Hey Kim, could you water the plants today? Thanks!"
228,40,Agent_9,just learned how to use Whatsapp,woman,3,annoyed with matching emojis,"Kim, don't forget to take out the trash. ğŸ˜¤ğŸ—‘ï¸"
229,40,Agent_9,just learned how to use Whatsapp,woman,3,friendly without emojis,"Hey Kim, could you water the plants today? Thanks!"
230,40,Agent_9,just learned how to use Whatsapp,woman,5,friendly with matching emojis,"Hey Kim, could you water the plants today? ğŸŒ¿ğŸ˜Š You're awesome!"
231,40,Agent_9,just learned how to use Whatsapp,woman,5,friendly with matching emojis,"Hey Kim, could you water the plants today? ğŸŒ¿ğŸ˜Š You're awesome!"
232,40,Agent_9,just learned how to use Whatsapp,woman,2,annoyed without emojis,"Kim, remember to water the plants."
233,40,Agent_9,just learned how to use Whatsapp,woman,3,annoyed without emojis,"Kim, remember to water the plants."
234,40,Agent_9,just learned how to use Whatsapp,woman,3,annoyed with matching emojis,"Kim, remember to water the plants. ğŸ˜’ğŸŒ¿"
235,40,Agent_9,just learned how to use Whatsapp,woman,3,annoyed with matching emojis,"Kim, remember to water the plants. ğŸ˜’ğŸŒ¿"
236,40,Agent_9,just learned how to use Whatsapp,woman,2,friendly without emojis,"Hi Kim, can you wash the dishes, please? Thanks a ton!"
237,40,Agent_9,just learned how to use Whatsapp,woman,4,friendly with matching emojis,"Hi Kim, can you wash the dishes, please? ğŸ½ï¸ğŸ˜Š Really appreciate it!"
238,40,Agent_9,just learned how to use Whatsapp,woman,4,friendly without emojis,"Hi Kim, can you wash the dishes, please? Thanks a ton!"
239,40,Agent_9,just learned how to use Whatsapp,woman,4,friendly with matching emojis,"Hi Kim, can you wash the dishes, please? ğŸ½ï¸ğŸ˜Š Really appreciate it!"
240,40,Agent_9,just learned how to use Whatsapp,woman,1,annoyed without emojis,"Kim, don't forget to wash the dishes."
241,40,Agent_9,just learned how to use Whatsapp,woman,2,annoyed without emojis,"Kim, don't forget to wash the dishes."
242,40,Agent_9,just learned how to use Whatsapp,woman,3,annoyed with matching emojis,"Kim, don't forget to wash the dishes. ğŸ˜¤ğŸ½ï¸"
243,40,Agent_9,just learned how to use Whatsapp,woman,2,annoyed with matching emojis,"Kim, don't forget to wash the dishes. ğŸ˜¤ğŸ½ï¸"
244,40,Agent_9,just learned how to use Whatsapp,woman,4,friendly without emojis,"Hey Kim, could you vacuum the living room? Thanks a lot!"
245,40,Agent_9,just learned how to use Whatsapp,woman,2,friendly without emojis,"Hey Kim, could you vacuum the living room? Thanks a lot!"
246,40,Agent_9,just learned how to use Whatsapp,woman,4,friendly with matching emojis,"Hey Kim, could you vacuum the living room? ğŸ§¹ğŸ˜Š You're a star!"
247,40,Agent_9,just learned how to use Whatsapp,woman,1,annoyed without emojis,"Kim, don't forget to vacuum the living room."
248,40,Agent_9,just learned how to use Whatsapp,woman,5,friendly with matching emojis,"Hey Kim, could you vacuum the living room? ğŸ§¹ğŸ˜Š You're a star!"
249,40,Agent_9,just learned how to use Whatsapp,woman,3,annoyed without emojis,"Kim, don't forget to vacuum the living room."
250,40,Agent_9,just learned how to use Whatsapp,woman,3,annoyed with matching emojis,"Kim, don't forget to vacuum the living room. ğŸ˜¤ğŸ§¹"
251,40,Agent_9,just learned how to use Whatsapp,woman,2,annoyed with matching emojis,"Kim, don't forget to vacuum the living room. ğŸ˜¤ğŸ§¹"
252,40,Agent_3,loves texting and knows all the emojis.,man,4,friendly without emojis,"Hey Kim, could you please buy and bring a pack of coffee? Thanks a lot!"
253,40,Agent_3,loves texting and knows all the emojis.,man,4,friendly without emojis,"Hey Kim, could you please buy and bring a pack of coffee? Thanks a lot!"
254,40,Agent_3,loves texting and knows all the emojis.,man,5,friendly with matching emojis,"Hey Kim, could you please buy and bring a pack of coffee? â˜•ğŸ˜Š You're the best!"
255,40,Agent_3,loves texting and knows all the emojis.,man,5,friendly with matching emojis,"Hey Kim, could you please buy and bring a pack of coffee? â˜•ğŸ˜Š You're the best!"
256,40,Agent_3,loves texting and knows all the emojis.,man,2,annoyed without emojis,"Kim, make sure you buy and bring a pack of coffee."
257,40,Agent_3,loves texting and knows all the emojis.,man,2,annoyed with matching emojis,"Kim, make sure you buy and bring a pack of coffee. ğŸ˜’â˜•"
258,40,Agent_3,loves texting and knows all the emojis.,man,2,annoyed without emojis,"Kim, make sure you buy and bring a pack of coffee."
259,40,Agent_3,loves texting and knows all the emojis.,man,2,annoyed with matching emojis,"Kim, make sure you buy and bring a pack of coffee. ğŸ˜’â˜•"
260,40,Agent_3,loves texting and knows all the emojis.,man,4,friendly without emojis,"Hi Kim, can you please take out the trash? Thanks a bunch!"
261,40,Agent_3,loves texting and knows all the emojis.,man,4,friendly without emojis,"Hi Kim, can you please take out the trash? Thanks a bunch!"
262,40,Agent_3,loves texting and knows all the emojis.,man,4,friendly with matching emojis,"Hi Kim, can you please take out the trash? ğŸ—‘ï¸ğŸ˜Š Much appreciated!"
263,40,Agent_3,loves texting and knows all the emojis.,man,5,friendly with matching emojis,"Hi Kim, can you please take out the trash? ğŸ—‘ï¸ğŸ˜Š Much appreciated!"
264,40,Agent_3,loves texting and knows all the emojis.,man,2,annoyed without emojis,"Kim, don't forget to take out the trash."
265,40,Agent_3,loves texting and knows all the emojis.,man,3,annoyed without emojis,"Kim, don't forget to take out the trash."
266,40,Agent_3,loves texting and knows all the emojis.,man,4,annoyed with matching emojis,"Kim, don't forget to take out the trash. ğŸ˜¤ğŸ—‘ï¸"
267,40,Agent_3,loves texting and knows all the emojis.,man,3,friendly without emojis,"Hey Kim, could you water the plants today? Thanks!"
268,40,Agent_3,loves texting and knows all the emojis.,man,4,annoyed with matching emojis,"Kim, don't forget to take out the trash. ğŸ˜¤ğŸ—‘ï¸"
269,40,Agent_3,loves texting and knows all the emojis.,man,4,friendly without emojis,"Hey Kim, could you water the plants today? Thanks!"
270,40,Agent_3,loves texting and knows all the emojis.,man,4,friendly with matching emojis,"Hey Kim, could you water the plants today? ğŸŒ¿ğŸ˜Š You're awesome!"
271,40,Agent_3,loves texting and knows all the emojis.,man,5,friendly with matching emojis,"Hey Kim, could you water the plants today? ğŸŒ¿ğŸ˜Š You're awesome!"
272,40,Agent_3,loves texting and knows all the emojis.,man,3,annoyed without emojis,"Kim, remember to water the plants."
273,40,Agent_3,loves texting and knows all the emojis.,man,2,annoyed without emojis,"Kim, remember to water the plants."
274,40,Agent_3,loves texting and knows all the emojis.,man,3,annoyed with matching emojis,"Kim, remember to water the plants. ğŸ˜’ğŸŒ¿"
275,40,Agent_3,loves texting and knows all the emojis.,man,4,annoyed with matching emojis,"Kim, remember to water the plants. ğŸ˜’ğŸŒ¿"
276,40,Agent_3,loves texting and knows all the emojis.,man,3,friendly without emojis,"Hi Kim, can you wash the dishes, please? Thanks a ton!"
277,40,Agent_3,loves texting and knows all the emojis.,man,4,friendly with matching emojis,"Hi Kim, can you wash the dishes, please? ğŸ½ï¸ğŸ˜Š Really appreciate it!"
278,40,Agent_3,loves texting and knows all the emojis.,man,4,friendly without emojis,"Hi Kim, can you wash the dishes, please? Thanks a ton!"
279,40,Agent_3,loves texting and knows all the emojis.,man,4,friendly with matching emojis,"Hi Kim, can you wash the dishes, please? ğŸ½ï¸ğŸ˜Š Really appreciate it!"
280,40,Agent_3,loves texting and knows all the emojis.,man,3,annoyed without emojis,"Kim, don't forget to wash the dishes."
281,40,Agent_3,loves texting and knows all the emojis.,man,2,annoyed without emojis,"Kim, don't forget to wash the dishes."
282,40,Agent_3,loves texting and knows all the emojis.,man,2,annoyed with matching emojis,"Kim, don't forget to wash the dishes. ğŸ˜¤ğŸ½ï¸"
283,40,Agent_3,loves texting and knows all the emojis.,man,2,annoyed with matching emojis,"Kim, don't forget to wash the dishes. ğŸ˜¤ğŸ½ï¸"
284,40,Agent_3,loves texting and knows all the emojis.,man,3,friendly without emojis,"Hey Kim, could you vacuum the living room? Thanks a lot!"
285,40,Agent_3,loves texting and knows all the emojis.,man,3,friendly without emojis,"Hey Kim, could you vacuum the living room? Thanks a lot!"
286,40,Agent_3,loves texting and knows all the emojis.,man,4,friendly with matching emojis,"Hey Kim, could you vacuum the living room? ğŸ§¹ğŸ˜Š You're a star!"
287,40,Agent_3,loves texting and knows all the emojis.,man,3,annoyed without emojis,"Kim, don't forget to vacuum the living room."
288,40,Agent_3,loves texting and knows all the emojis.,man,2,annoyed without emojis,"Kim, don't forget to vacuum the living room."
289,40,Agent_3,loves texting and knows all the emojis.,man,2,annoyed with matching emojis,"Kim, don't forget to vacuum the living room. ğŸ˜¤ğŸ§¹"
290,40,Agent_3,loves texting and knows all the emojis.,man,2,annoyed with matching emojis,"Kim, don't forget to vacuum the living room. ğŸ˜¤ğŸ§¹"
291,40,Agent_10,loves texting and knows all the emojis.,woman,4,friendly without emojis,"Hey Kim, could you please buy and bring a pack of coffee? Thanks a lot!"
292,40,Agent_10,loves texting and knows all the emojis.,woman,4,friendly with matching emojis,"Hey Kim, could you please buy and bring a pack of coffee? â˜•ğŸ˜Š You're the best!"
293,40,Agent_10,loves texting and knows all the emojis.,woman,3,friendly without emojis,"Hey Kim, could you please buy and bring a pack of coffee? Thanks a lot!"
294,40,Agent_10,loves texting and knows all the emojis.,woman,5,friendly with matching emojis,"Hey Kim, could you please buy and bring a pack of coffee? â˜•ğŸ˜Š You're the best!"
295,40,Agent_10,loves texting and knows all the emojis.,woman,2,annoyed without emojis,"Kim, make sure you buy and bring a pack of coffee."
296,40,Agent_10,loves texting and knows all the emojis.,woman,2,annoyed without emojis,"Kim, make sure you buy and bring a pack of coffee."
297,40,Agent_10,loves texting and knows all the emojis.,woman,2,annoyed with matching emojis,"Kim, make sure you buy and bring a pack of coffee. ğŸ˜’â˜•"
298,40,Agent_10,loves texting and knows all the emojis.,woman,1,annoyed with matching emojis,"Kim, make sure you buy and bring a pack of coffee. ğŸ˜’â˜•"
299,40,Agent_10,loves texting and knows all the emojis.,woman,4,friendly without emojis,"Hi Kim, can you please take out the trash? Thanks a bunch!"
300,40,Agent_10,loves texting and knows all the emojis.,woman,4,friendly without emojis,"Hi Kim, can you please take out the trash? Thanks a bunch!"
301,40,Agent_10,loves texting and knows all the emojis.,woman,5,friendly with matching emojis,"Hi Kim, can you please take out the trash? ğŸ—‘ï¸ğŸ˜Š Much appreciated!"
302,40,Agent_10,loves texting and knows all the emojis.,woman,3,annoyed without emojis,"Kim, don't forget to take out the trash."
303,40,Agent_10,loves texting and knows all the emojis.,woman,4,friendly with matching emojis,"Hi Kim, can you please take out the trash? ğŸ—‘ï¸ğŸ˜Š Much appreciated!"
304,40,Agent_10,loves texting and knows all the emojis.,woman,3,annoyed without emojis,"Kim, don't forget to take out the trash."
305,40,Agent_10,loves texting and knows all the emojis.,woman,2,annoyed with matching emojis,"Kim, don't forget to take out the trash. ğŸ˜¤ğŸ—‘ï¸"
306,40,Agent_10,loves texting and knows all the emojis.,woman,4,annoyed with matching emojis,"Kim, don't forget to take out the trash. ğŸ˜¤ğŸ—‘ï¸"
307,40,Agent_10,loves texting and knows all the emojis.,woman,3,friendly without emojis,"Hey Kim, could you water the plants today? Thanks!"
308,40,Agent_10,loves texting and knows all the emojis.,woman,4,friendly without emojis,"Hey Kim, could you water the plants today? Thanks!"
309,40,Agent_10,loves texting and knows all the emojis.,woman,5,friendly with matching emojis,"Hey Kim, could you water the plants today? ğŸŒ¿ğŸ˜Š You're awesome!"
310,40,Agent_10,loves texting and knows all the emojis.,woman,5,friendly with matching emojis,"Hey Kim, could you water the plants today? ğŸŒ¿ğŸ˜Š You're awesome!"
311,40,Agent_10,loves texting and knows all the emojis.,woman,2,annoyed without emojis,"Kim, remember to water the plants."
312,40,Agent_10,loves texting and knows all the emojis.,woman,2,annoyed with matching emojis,"Kim, remember to water the plants. ğŸ˜’ğŸŒ¿"
313,40,Agent_10,loves texting and knows all the emojis.,woman,3,annoyed without emojis,"Kim, remember to water the plants."
314,40,Agent_10,loves texting and knows all the emojis.,woman,2,annoyed with matching emojis,"Kim, remember to water the plants. ğŸ˜’ğŸŒ¿"
315,40,Agent_10,loves texting and knows all the emojis.,woman,4,friendly without emojis,"Hi Kim, can you wash the dishes, please? Thanks a ton!"
316,40,Agent_10,loves texting and knows all the emojis.,woman,4,friendly without emojis,"Hi Kim, can you wash the dishes, please? Thanks a ton!"
317,40,Agent_10,loves texting and knows all the emojis.,woman,4,friendly with matching emojis,"Hi Kim, can you wash the dishes, please? ğŸ½ï¸ğŸ˜Š Really appreciate it!"
318,40,Agent_10,loves texting and knows all the emojis.,woman,5,friendly with matching emojis,"Hi Kim, can you wash the dishes, please? ğŸ½ï¸ğŸ˜Š Really appreciate it!"
319,40,Agent_10,loves texting and knows all the emojis.,woman,2,annoyed without emojis,"Kim, don't forget to wash the dishes."
320,40,Agent_10,loves texting and knows all the emojis.,woman,3,annoyed without emojis,"Kim, don't forget to wash the dishes."
321,40,Agent_10,loves texting and knows all the emojis.,woman,2,annoyed with matching emojis,"Kim, don't forget to wash the dishes. ğŸ˜¤ğŸ½ï¸"
322,40,Agent_10,loves texting and knows all the emojis.,woman,4,friendly without emojis,"Hey Kim, could you vacuum the living room? Thanks a lot!"
323,40,Agent_10,loves texting and knows all the emojis.,woman,3,annoyed with matching emojis,"Kim, don't forget to wash the dishes. ğŸ˜¤ğŸ½ï¸"
324,40,Agent_10,loves texting and knows all the emojis.,woman,3,friendly without emojis,"Hey Kim, could you vacuum the living room? Thanks a lot!"
325,40,Agent_10,loves texting and knows all the emojis.,woman,4,friendly with matching emojis,"Hey Kim, could you vacuum the living room? ğŸ§¹ğŸ˜Š You're a star!"
326,40,Agent_10,loves texting and knows all the emojis.,woman,4,friendly with matching emojis,"Hey Kim, could you vacuum the living room? ğŸ§¹ğŸ˜Š You're a star!"
327,40,Agent_10,loves texting and knows all the emojis.,woman,1,annoyed without emojis,"Kim, don't forget to vacuum the living room."
328,40,Agent_10,loves texting and knows all the emojis.,woman,1,annoyed without emojis,"Kim, don't forget to vacuum the living room."
329,40,Agent_10,loves texting and knows all the emojis.,woman,4,annoyed with matching emojis,"Kim, don't forget to vacuum the living room. ğŸ˜¤ğŸ§¹"
330,40,Agent_10,loves texting and knows all the emojis.,woman,4,annoyed with matching emojis,"Kim, don't forget to vacuum the living room. ğŸ˜¤ğŸ§¹"
331,60,Agent_11,just learned how to use Whatsapp,man,3,friendly without emojis,"Hey Kim, could you please buy and bring a pack of coffee? Thanks a lot!"
332,60,Agent_11,just learned how to use Whatsapp,man,5,friendly with matching emojis,"Hey Kim, could you please buy and bring a pack of coffee? â˜•ğŸ˜Š You're the best!"
333,60,Agent_11,just learned how to use Whatsapp,man,3,friendly without emojis,"Hey Kim, could you please buy and bring a pack of coffee? Thanks a lot!"
334,60,Agent_11,just learned how to use Whatsapp,man,5,friendly with matching emojis,"Hey Kim, could you please buy and bring a pack of coffee? â˜•ğŸ˜Š You're the best!"
335,60,Agent_11,just learned how to use Whatsapp,man,3,annoyed without emojis,"Kim, make sure you buy and bring a pack of coffee."
336,60,Agent_11,just learned how to use Whatsapp,man,3,annoyed without emojis,"Kim, make sure you buy and bring a pack of coffee."
337,60,Agent_11,just learned how to use Whatsapp,man,2,annoyed with matching emojis,"Kim, make sure you buy and bring a pack of coffee. ğŸ˜’â˜•"
338,60,Agent_11,just learned how to use Whatsapp,man,2,annoyed with matching emojis,"Kim, make sure you buy and bring a pack of coffee. ğŸ˜’â˜•"
339,60,Agent_11,just learned how to use Whatsapp,man,4,friendly without emojis,"Hi Kim, can you please take out the trash? Thanks a bunch!"
340,60,Agent_11,just learned how to use Whatsapp,man,4,friendly without emojis,"Hi Kim, can you please take out the trash? Thanks a bunch!"
341,60,Agent_11,just learned how to use Whatsapp,man,4,friendly with matching emojis,"Hi Kim, can you please take out the trash? ğŸ—‘ï¸ğŸ˜Š Much appreciated!"
342,60,Agent_11,just learned how to use Whatsapp,man,3,annoyed without emojis,"Kim, don't forget to take out the trash."
343,60,Agent_11,just learned how to use Whatsapp,man,4,friendly with matching emojis,"Hi Kim, can you please take out the trash? ğŸ—‘ï¸ğŸ˜Š Much appreciated!"
344,60,Agent_11,just learned how to use Whatsapp,man,3,annoyed without emojis,"Kim, don't forget to take out the trash."
345,60,Agent_11,just learned how to use Whatsapp,man,3,annoyed with matching emojis,"Kim, don't forget to take out the trash. ğŸ˜¤ğŸ—‘ï¸"
346,60,Agent_11,just learned how to use Whatsapp,man,2,annoyed with matching emojis,"Kim, don't forget to take out the trash. ğŸ˜¤ğŸ—‘ï¸"
347,60,Agent_11,just learned how to use Whatsapp,man,3,friendly without emojis,"Hey Kim, could you water the plants today? Thanks!"
348,60,Agent_11,just learned how to use Whatsapp,man,3,friendly without emojis,"Hey Kim, could you water the plants today? Thanks!"
349,60,Agent_11,just learned how to use Whatsapp,man,5,friendly with matching emojis,"Hey Kim, could you water the plants today? ğŸŒ¿ğŸ˜Š You're awesome!"
350,60,Agent_11,just learned how to use Whatsapp,man,5,friendly with matching emojis,"Hey Kim, could you water the plants today? ğŸŒ¿ğŸ˜Š You're awesome!"
351,60,Agent_11,just learned how to use Whatsapp,man,3,annoyed without emojis,"Kim, remember to water the plants."
352,60,Agent_11,just learned how to use Whatsapp,man,3,annoyed with matching emojis,"Kim, remember to water the plants. ğŸ˜’ğŸŒ¿"
353,60,Agent_11,just learned how to use Whatsapp,man,3,annoyed without emojis,"Kim, remember to water the plants."
354,60,Agent_11,just learned how to use Whatsapp,man,3,annoyed with matching emojis,"Kim, remember to water the plants. ğŸ˜’ğŸŒ¿"
355,60,Agent_11,just learned how to use Whatsapp,man,3,friendly without emojis,"Hi Kim, can you wash the dishes, please? Thanks a ton!"
356,60,Agent_11,just learned how to use Whatsapp,man,4,friendly without emojis,"Hi Kim, can you wash the dishes, please? Thanks a ton!"
357,60,Agent_11,just learned how to use Whatsapp,man,5,friendly with matching emojis,"Hi Kim, can you wash the dishes, please? ğŸ½ï¸ğŸ˜Š Really appreciate it!"
358,60,Agent_11,just learned how to use Whatsapp,man,5,friendly with matching emojis,"Hi Kim, can you wash the dishes, please? ğŸ½ï¸ğŸ˜Š Really appreciate it!"
359,60,Agent_11,just learned how to use Whatsapp,man,1,annoyed without emojis,"Kim, don't forget to wash the dishes."
360,60,Agent_11,just learned how to use Whatsapp,man,3,annoyed without emojis,"Kim, don't forget to wash the dishes."
361,60,Agent_11,just learned how to use Whatsapp,man,2,annoyed with matching emojis,"Kim, don't forget to wash the dishes. ğŸ˜¤ğŸ½ï¸"
362,60,Agent_11,just learned how to use Whatsapp,man,3,friendly without emojis,"Hey Kim, could you vacuum the living room? Thanks a lot!"
363,60,Agent_11,just learned how to use Whatsapp,man,3,annoyed with matching emojis,"Kim, don't forget to wash the dishes. ğŸ˜¤ğŸ½ï¸"
364,60,Agent_11,just learned how to use Whatsapp,man,3,friendly without emojis,"Hey Kim, could you vacuum the living room? Thanks a lot!"
365,60,Agent_11,just learned how to use Whatsapp,man,4,friendly with matching emojis,"Hey Kim, could you vacuum the living room? ğŸ§¹ğŸ˜Š You're a star!"
366,60,Agent_11,just learned how to use Whatsapp,man,5,friendly with matching emojis,"Hey Kim, could you vacuum the living room? ğŸ§¹ğŸ˜Š You're a star!"
367,60,Agent_11,just learned how to use Whatsapp,man,2,annoyed without emojis,"Kim, don't forget to vacuum the living room."
368,60,Agent_11,just learned how to use Whatsapp,man,1,annoyed without emojis,"Kim, don't forget to vacuum the living room."
369,60,Agent_11,just learned how to use Whatsapp,man,2,annoyed with matching emojis,"Kim, don't forget to vacuum the living room. ğŸ˜¤ğŸ§¹"
370,60,Agent_11,just learned how to use Whatsapp,man,2,annoyed with matching emojis,"Kim, don't forget to vacuum the living room. ğŸ˜¤ğŸ§¹"
371,60,Agent_4,just learned how to use Whatsapp,woman,3,friendly without emojis,"Hey Kim, could you please buy and bring a pack of coffee? Thanks a lot!"
372,60,Agent_4,just learned how to use Whatsapp,woman,4,friendly with matching emojis,"Hey Kim, could you please buy and bring a pack of coffee? â˜•ğŸ˜Š You're the best!"
373,60,Agent_4,just learned how to use Whatsapp,woman,3,friendly without emojis,"Hey Kim, could you please buy and bring a pack of coffee? Thanks a lot!"
374,60,Agent_4,just learned how to use Whatsapp,woman,4,friendly with matching emojis,"Hey Kim, could you please buy and bring a pack of coffee? â˜•ğŸ˜Š You're the best!"
375,60,Agent_4,just learned how to use Whatsapp,woman,3,annoyed without emojis,"Kim, make sure you buy and bring a pack of coffee."
376,60,Agent_4,just learned how to use Whatsapp,woman,2,annoyed without emojis,"Kim, make sure you buy and bring a pack of coffee."
377,60,Agent_4,just learned how to use Whatsapp,woman,2,annoyed with matching emojis,"Kim, make sure you buy and bring a pack of coffee. ğŸ˜’â˜•"
378,60,Agent_4,just learned how to use Whatsapp,woman,2,annoyed with matching emojis,"Kim, make sure you buy and bring a pack of coffee. ğŸ˜’â˜•"
379,60,Agent_4,just learned how to use Whatsapp,woman,4,friendly without emojis,"Hi Kim, can you please take out the trash? Thanks a bunch!"
380,60,Agent_4,just learned how to use Whatsapp,woman,4,friendly without emojis,"Hi Kim, can you please take out the trash? Thanks a bunch!"
381,60,Agent_4,just learned how to use Whatsapp,woman,4,friendly with matching emojis,"Hi Kim, can you please take out the trash? ğŸ—‘ï¸ğŸ˜Š Much appreciated!"
382,60,Agent_4,just learned how to use Whatsapp,woman,3,annoyed without emojis,"Kim, don't forget to take out the trash."
383,60,Agent_4,just learned how to use Whatsapp,woman,4,friendly with matching emojis,"Hi Kim, can you please take out the trash? ğŸ—‘ï¸ğŸ˜Š Much appreciated!"
384,60,Agent_4,just learned how to use Whatsapp,woman,2,annoyed with matching emojis,"Kim, don't forget to take out the trash. ğŸ˜¤ğŸ—‘ï¸"
385,60,Agent_4,just learned how to use Whatsapp,woman,3,annoyed with matching emojis,"Kim, don't forget to take out the trash. ğŸ˜¤ğŸ—‘ï¸"
386,60,Agent_4,just learned how to use Whatsapp,woman,3,friendly without emojis,"Hey Kim, could you water the plants today? Thanks!"
387,60,Agent_4,just learned how to use Whatsapp,woman,5,friendly with matching emojis,"Hey Kim, could you water the plants today? ğŸŒ¿ğŸ˜Š You're awesome!"
388,60,Agent_4,just learned how to use Whatsapp,woman,3,friendly without emojis,"Hey Kim, could you water the plants today? Thanks!"
389,60,Agent_4,just learned how to use Whatsapp,woman,5,friendly with matching emojis,"Hey Kim, could you water the plants today? ğŸŒ¿ğŸ˜Š You're awesome!"
390,60,Agent_4,just learned how to use Whatsapp,woman,3,annoyed without emojis,"Kim, remember to water the plants."
391,60,Agent_4,just learned how to use Whatsapp,woman,2,annoyed without emojis,"Kim, remember to water the plants."
392,60,Agent_4,just learned how to use Whatsapp,woman,3,annoyed with matching emojis,"Kim, remember to water the plants. ğŸ˜’ğŸŒ¿"
393,60,Agent_4,just learned how to use Whatsapp,woman,3,annoyed with matching emojis,"Kim, remember to water the plants. ğŸ˜’ğŸŒ¿"
394,60,Agent_4,just learned how to use Whatsapp,woman,3,friendly without emojis,"Hi Kim, can you wash the dishes, please? Thanks a ton!"
395,60,Agent_4,just learned how to use Whatsapp,woman,3,friendly without emojis,"Hi Kim, can you wash the dishes, please? Thanks a ton!"
396,60,Agent_4,just learned how to use Whatsapp,woman,4,friendly with matching emojis,"Hi Kim, can you wash the dishes, please? ğŸ½ï¸ğŸ˜Š Really appreciate it!"
397,60,Agent_4,just learned how to use Whatsapp,woman,1,annoyed without emojis,"Kim, don't forget to wash the dishes."
398,60,Agent_4,just learned how to use Whatsapp,woman,4,friendly with matching emojis,"Hi Kim, can you wash the dishes, please? ğŸ½ï¸ğŸ˜Š Really appreciate it!"
399,60,Agent_4,just learned how to use Whatsapp,woman,2,annoyed without emojis,"Kim, don't forget to wash the dishes."
400,60,Agent_4,just learned how to use Whatsapp,woman,3,annoyed with matching emojis,"Kim, don't forget to wash the dishes. ğŸ˜¤ğŸ½ï¸"
401,60,Agent_4,just learned how to use Whatsapp,woman,2,annoyed with matching emojis,"Kim, don't forget to wash the dishes. ğŸ˜¤ğŸ½ï¸"
402,60,Agent_4,just learned how to use Whatsapp,woman,2,friendly without emojis,"Hey Kim, could you vacuum the living room? Thanks a lot!"
403,60,Agent_4,just learned how to use Whatsapp,woman,3,friendly without emojis,"Hey Kim, could you vacuum the living room? Thanks a lot!"
404,60,Agent_4,just learned how to use Whatsapp,woman,5,friendly with matching emojis,"Hey Kim, could you vacuum the living room? ğŸ§¹ğŸ˜Š You're a star!"
405,60,Agent_4,just learned how to use Whatsapp,woman,5,friendly with matching emojis,"Hey Kim, could you vacuum the living room? ğŸ§¹ğŸ˜Š You're a star!"
406,60,Agent_4,just learned how to use Whatsapp,woman,2,annoyed without emojis,"Kim, don't forget to vacuum the living room."
407,60,Agent_4,just learned how to use Whatsapp,woman,3,annoyed with matching emojis,"Kim, don't forget to vacuum the living room. ğŸ˜¤ğŸ§¹"
408,60,Agent_4,just learned how to use Whatsapp,woman,2,annoyed without emojis,"Kim, don't forget to vacuum the living room."
409,60,Agent_4,just learned how to use Whatsapp,woman,3,annoyed with matching emojis,"Kim, don't forget to vacuum the living room. ğŸ˜¤ğŸ§¹"
410,60,Agent_6,loves texting and knows all the emojis.,man,4,friendly without emojis,"Hey Kim, could you please buy and bring a pack of coffee? Thanks a lot!"
411,60,Agent_6,loves texting and knows all the emojis.,man,4,friendly without emojis,"Hey Kim, could you please buy and bring a pack of coffee? Thanks a lot!"
412,60,Agent_6,loves texting and knows all the emojis.,man,5,friendly with matching emojis,"Hey Kim, could you please buy and bring a pack of coffee? â˜•ğŸ˜Š You're the best!"
413,60,Agent_6,loves texting and knows all the emojis.,man,5,friendly with matching emojis,"Hey Kim, could you please buy and bring a pack of coffee? â˜•ğŸ˜Š You're the best!"
414,60,Agent_6,loves texting and knows all the emojis.,man,2,annoyed without emojis,"Kim, make sure you buy and bring a pack of coffee."
415,60,Agent_6,loves texting and knows all the emojis.,man,3,annoyed without emojis,"Kim, make sure you buy and bring a pack of coffee."
416,60,Agent_6,loves texting and knows all the emojis.,man,1,annoyed with matching emojis,"Kim, make sure you buy and bring a pack of coffee. ğŸ˜’â˜•"
417,60,Agent_6,loves texting and knows all the emojis.,man,4,friendly without emojis,"Hi Kim, can you please take out the trash? Thanks a bunch!"
418,60,Agent_6,loves texting and knows all the emojis.,man,1,annoyed with matching emojis,"Kim, make sure you buy and bring a pack of coffee. ğŸ˜’â˜•"
419,60,Agent_6,loves texting and knows all the emojis.,man,4,friendly without emojis,"Hi Kim, can you please take out the trash? Thanks a bunch!"
420,60,Agent_6,loves texting and knows all the emojis.,man,4,friendly with matching emojis,"Hi Kim, can you please take out the trash? ğŸ—‘ï¸ğŸ˜Š Much appreciated!"
421,60,Agent_6,loves texting and knows all the emojis.,man,5,friendly with matching emojis,"Hi Kim, can you please take out the trash? ğŸ—‘ï¸ğŸ˜Š Much appreciated!"
422,60,Agent_6,loves texting and knows all the emojis.,man,3,annoyed without emojis,"Kim, don't forget to take out the trash."
423,60,Agent_6,loves texting and knows all the emojis.,man,2,annoyed without emojis,"Kim, don't forget to take out the trash."
424,60,Agent_6,loves texting and knows all the emojis.,man,4,annoyed with matching emojis,"Kim, don't forget to take out the trash. ğŸ˜¤ğŸ—‘ï¸"
425,60,Agent_6,loves texting and knows all the emojis.,man,4,annoyed with matching emojis,"Kim, don't forget to take out the trash. ğŸ˜¤ğŸ—‘ï¸"
426,60,Agent_6,loves texting and knows all the emojis.,man,3,friendly without emojis,"Hey Kim, could you water the plants today? Thanks!"
427,60,Agent_6,loves texting and knows all the emojis.,man,4,friendly with matching emojis,"Hey Kim, could you water the plants today? ğŸŒ¿ğŸ˜Š You're awesome!"
428,60,Agent_6,loves texting and knows all the emojis.,man,4,friendly without emojis,"Hey Kim, could you water the plants today? Thanks!"
429,60,Agent_6,loves texting and knows all the emojis.,man,5,friendly with matching emojis,"Hey Kim, could you water the plants today? ğŸŒ¿ğŸ˜Š You're awesome!"
430,60,Agent_6,loves texting and knows all the emojis.,man,3,annoyed without emojis,"Kim, remember to water the plants."
431,60,Agent_6,loves texting and knows all the emojis.,man,2,annoyed without emojis,"Kim, remember to water the plants."
432,60,Agent_6,loves texting and knows all the emojis.,man,3,annoyed with matching emojis,"Kim, remember to water the plants. ğŸ˜’ğŸŒ¿"
433,60,Agent_6,loves texting and knows all the emojis.,man,4,annoyed with matching emojis,"Kim, remember to water the plants. ğŸ˜’ğŸŒ¿"
434,60,Agent_6,loves texting and knows all the emojis.,man,4,friendly without emojis,"Hi Kim, can you wash the dishes, please? Thanks a ton!"
435,60,Agent_6,loves texting and knows all the emojis.,man,4,friendly without emojis,"Hi Kim, can you wash the dishes, please? Thanks a ton!"
436,60,Agent_6,loves texting and knows all the emojis.,man,4,friendly with matching emojis,"Hi Kim, can you wash the dishes, please? ğŸ½ï¸ğŸ˜Š Really appreciate it!"
437,60,Agent_6,loves texting and knows all the emojis.,man,1,annoyed without emojis,"Kim, don't forget to wash the dishes."
438,60,Agent_6,loves texting and knows all the emojis.,man,5,friendly with matching emojis,"Hi Kim, can you wash the dishes, please? ğŸ½ï¸ğŸ˜Š Really appreciate it!"
439,60,Agent_6,loves texting and knows all the emojis.,man,1,annoyed without emojis,"Kim, don't forget to wash the dishes."
440,60,Agent_6,loves texting and knows all the emojis.,man,3,annoyed with matching emojis,"Kim, don't forget to wash the dishes. ğŸ˜¤ğŸ½ï¸"
441,60,Agent_6,loves texting and knows all the emojis.,man,3,annoyed with matching emojis,"Kim, don't forget to wash the dishes. ğŸ˜¤ğŸ½ï¸"
442,60,Agent_6,loves texting and knows all the emojis.,man,3,friendly without emojis,"Hey Kim, could you vacuum the living room? Thanks a lot!"
443,60,Agent_6,loves texting and knows all the emojis.,man,3,friendly without emojis,"Hey Kim, could you vacuum the living room? Thanks a lot!"
444,60,Agent_6,loves texting and knows all the emojis.,man,4,annoyed with matching emojis,"Kim, don't forget to vacuum the living room. ğŸ˜¤ğŸ§¹"
445,60,Agent_6,loves texting and knows all the emojis.,man,4,annoyed with matching emojis,"Kim, don't forget to vacuum the living room. ğŸ˜¤ğŸ§¹"
446,60,Agent_5,loves texting and knows all the emojis.,woman,3,friendly without emojis,"Hey Kim, could you please buy and bring a pack of coffee? Thanks a lot!"
447,60,Agent_5,loves texting and knows all the emojis.,woman,5,friendly with matching emojis,"Hey Kim, could you please buy and bring a pack of coffee? â˜•ğŸ˜Š You're the best!"
448,60,Agent_5,loves texting and knows all the emojis.,woman,4,friendly without emojis,"Hey Kim, could you please buy and bring a pack of coffee? Thanks a lot!"
449,60,Agent_5,loves texting and knows all the emojis.,woman,4,friendly with matching emojis,"Hey Kim, could you please buy and bring a pack of coffee? â˜•ğŸ˜Š You're the best!"
450,60,Agent_5,loves texting and knows all the emojis.,woman,3,annoyed without emojis,"Kim, make sure you buy and bring a pack of coffee."
451,60,Agent_5,loves texting and knows all the emojis.,woman,3,annoyed without emojis,"Kim, make sure you buy and bring a pack of coffee."
452,60,Agent_5,loves texting and knows all the emojis.,woman,1,annoyed with matching emojis,"Kim, make sure you buy and bring a pack of coffee. ğŸ˜’â˜•"
453,60,Agent_5,loves texting and knows all the emojis.,woman,2,annoyed with matching emojis,"Kim, make sure you buy and bring a pack of coffee. ğŸ˜’â˜•"
454,60,Agent_5,loves texting and knows all the emojis.,woman,4,friendly without emojis,"Hi Kim, can you please take out the trash? Thanks a bunch!"
455,60,Agent_5,loves texting and knows all the emojis.,woman,4,friendly without emojis,"Hi Kim, can you please take out the trash? Thanks a bunch!"
456,60,Agent_5,loves texting and knows all the emojis.,woman,4,friendly with matching emojis,"Hi Kim, can you please take out the trash? ğŸ—‘ï¸ğŸ˜Š Much appreciated!"
457,60,Agent_5,loves texting and knows all the emojis.,woman,2,annoyed without emojis,"Kim, don't forget to take out the trash."
458,60,Agent_5,loves texting and knows all the emojis.,woman,4,friendly with matching emojis,"Hi Kim, can you please take out the trash? ğŸ—‘ï¸ğŸ˜Š Much appreciated!"
459,60,Agent_5,loves texting and knows all the emojis.,woman,3,annoyed without emojis,"Kim, don't forget to take out the trash."
460,60,Agent_5,loves texting and knows all the emojis.,woman,4,annoyed with matching emojis,"Kim, don't forget to take out the trash. ğŸ˜¤ğŸ—‘ï¸"
461,60,Agent_5,loves texting and knows all the emojis.,woman,3,annoyed with matching emojis,"Kim, don't forget to take out the trash. ğŸ˜¤ğŸ—‘ï¸"
462,60,Agent_5,loves texting and knows all the emojis.,woman,4,friendly without emojis,"Hey Kim, could you water the plants today? Thanks!"
463,60,Agent_5,loves texting and knows all the emojis.,woman,4,friendly without emojis,"Hey Kim, could you water the plants today? Thanks!"
464,60,Agent_5,loves texting and knows all the emojis.,woman,5,friendly with matching emojis,"Hey Kim, could you water the plants today? ğŸŒ¿ğŸ˜Š You're awesome!"
465,60,Agent_5,loves texting and knows all the emojis.,woman,5,friendly with matching emojis,"Hey Kim, could you water the plants today? ğŸŒ¿ğŸ˜Š You're awesome!"
466,60,Agent_5,loves texting and knows all the emojis.,woman,2,annoyed without emojis,"Kim, remember to water the plants."
467,60,Agent_5,loves texting and knows all the emojis.,woman,4,annoyed with matching emojis,"Kim, remember to water the plants. ğŸ˜’ğŸŒ¿"
468,60,Agent_5,loves texting and knows all the emojis.,woman,2,annoyed without emojis,"Kim, remember to water the plants."
469,60,Agent_5,loves texting and knows all the emojis.,woman,3,annoyed with matching emojis,"Kim, remember to water the plants. ğŸ˜’ğŸŒ¿"
470,60,Agent_5,loves texting and knows all the emojis.,woman,4,friendly without emojis,"Hi Kim, can you wash the dishes, please? Thanks a ton!"
471,60,Agent_5,loves texting and knows all the emojis.,woman,3,friendly without emojis,"Hi Kim, can you wash the dishes, please? Thanks a ton!"
472,60,Agent_5,loves texting and knows all the emojis.,woman,4,friendly with matching emojis,"Hi Kim, can you wash the dishes, please? ğŸ½ï¸ğŸ˜Š Really appreciate it!"
473,60,Agent_5,loves texting and knows all the emojis.,woman,4,friendly with matching emojis,"Hi Kim, can you wash the dishes, please? ğŸ½ï¸ğŸ˜Š Really appreciate it!"
474,60,Agent_5,loves texting and knows all the emojis.,woman,3,friendly without emojis,"Hey Kim, could you vacuum the living room? Thanks a lot!"
475,60,Agent_5,loves texting and knows all the emojis.,woman,5,friendly with matching emojis,"Hey Kim, could you vacuum the living room? ğŸ§¹ğŸ˜Š You're a star!"
476,60,Agent_5,loves texting and knows all the emojis.,woman,5,friendly with matching emojis,"Hey Kim, could you vacuum the living room? ğŸ§¹ğŸ˜Š You're a star!"
477,60,Agent_5,loves texting and knows all the emojis.,woman,3,annoyed without emojis,"Kim, don't forget to vacuum the living room."
478,60,Agent_5,loves texting and knows all the emojis.,woman,2,annoyed without emojis,"Kim, don't forget to vacuum the living room."
479,60,Agent_5,loves texting and knows all the emojis.,woman,2,annoyed with matching emojis,"Kim, don't forget to vacuum the living room. ğŸ˜¤ğŸ§¹"
